Fecha,Compra,Venta
3-12-2021,137.00,142.00
3-11-2021,135.00,140.00
3-10-2021,138.00,143.00
3-9-2021,139.00,144.00
3-8-2021,139.00,144.00
3-5-2021,139.00,144.00
3-4-2021,139.00,144.00
3-3-2021,140.00,145.00
3-2-2021,140.00,145.00
3-1-2021,142.00,147.00
3-1-2021,141.00,146.00
3-1-2021,141.00,146.00
2-26-2021,141.00,146.00
2-25-2021,138.00,143.00
2-24-2021,140.00,145.00
2-23-2021,141.00,146.00
2-22-2021,142.00,147.00
2-19-2021,142.00,147.00
2-18-2021,148.00,148.00
2-17-2021,144.00,149.00
2-12-2021,145.00,150.00
2-11-2021,144.00,149.00
2-10-2021,146.00,151.00
2-9-2021,147.00,152.00
2-8-2021,146.00,151.00
2-8-2021,146.00,151.00
2-8-2021,146.00,151.00
2-8-2021,146.00,151.00
2-5-2021,146.00,151.00
2-4-2021,145.00,150.00
2-3-2021,148.00,153.00
2-2-2021,148.00,153.00
2-1-2021,148.00,153.00
1-29-2021,148.00,153.00
1-28-2021,149.00,154.00
1-27-2021,149.00,154.00
1-26-2021,151.00,156.00
1-25-2021,151.00,156.00
1-22-2021,151.00,156.00
1-22-2021,151.00,156.00
1-21-2021,151.00,156.00
1-20-2021,151.00,156.00
1-19-2021,152.00,157.00
1-15-2021,153.00,159.00
1-14-2021,153.00,159.00
1-13-2021,154.00,160.00
1-12-2021,153.00,159.00
1-11-2021,153.00,159.00
1-8-2021,155.00,161.00
1-7-2021,156.00,162.00
1-6-2021,154.00,160.00
1-5-2021,154.00,160.00
1-4-2021,159.00,165.00
12-30-2020,160.00,166.00
12-29-2020,159.00,165.00
12-28-2020,158.00,164.00
12-23-2020,153.00,159.00
12-22-2020,146.00,152.00
12-22-2020,145.00,151.00
12-21-2020,144.00,150.00
12-18-2020,144.00,150.00
12-17-2020,143.00,149.00
12-16-2020,144.00,150.00
12-15-2020,145.00,151.00
12-14-2020,145.00,151.00
12-11-2020,142.00,148.00
12-10-2020,140.00,146.00
12-9-2020,143.00,149.00
12-4-2020,144.00,150.00
12-3-2020,145.00,151.00
12-2-2020,147.00,153.00
12-1-2020,147.00,153.00
11-30-2020,149.00,155.00
11-27-2020,150.00,156.00
11-26-2020,151.00,157.00
11-25-2020,152.00,158.00
11-24-2020,154.00,160.00
11-20-2020,155.00,161.00
11-19-2020,157.00,163.00
11-18-2020,158.00,164.00
11-17-2020,157.00,163.00
11-16-2020,156.00,162.00
11-13-2020,166.00,172.00
11-12-2020,161.00,167.00
11-11-2020,156.00,162.00
11-10-2020,143.00,149.00
11-9-2020,145.00,151.00
11-6-2020,151.00,157.00
11-5-2020,151.00,157.00
11-4-2020,155.00,161.00
11-3-2020,159.00,165.00
11-2-2020,162.00,168.00
10-30-2020,163.00,169.00
10-29-2020,169.00,175.00
10-28-2020,172.00,178.00
10-27-2020,175.00,181.00
10-26-2020,184.00,190.00
10-23-2020,189.00,195.00
10-22-2020,184.00,190.00
10-21-2020,177.00,183.00
10-20-2020,174.00,180.00
10-19-2020,175.00,181.00
10-16-2020,172.00,178.00
10-15-2020,165.00,171.00
10-14-2020,161.00,167.00
10-13-2020,160.00,166.00
10-9-2020,161.00,167.00
10-8-2020,152.00,158.00
10-7-2020,149.00,155.00
10-6-2020,146.00,152.00
10-5-2020,144.00,150.00
10-2-2020,144.00,150.00
10-1-2020,141.00,147.00
9-30-2020,140.00,146.00
9-29-2020,140.00,146.00
9-28-2020,139.00,145.00
9-25-2020,139.00,145.00
9-24-2020,141.00,147.00
9-23-2020,139.00,145.00
9-22-2020,138.00,144.00
9-21-2020,135.00,141.00
9-18-2020,134.00,140.00
9-17-2020,135.00,141.00
9-16-2020,135.00,145.00
9-15-2020,127.00,131.00
9-14-2020,128.00,132.00
9-11-2020,127.00,131.00
9-10-2020,127.00,131.00
9-9-2020,127.00,131.00
9-8-2020,127.00,131.00
9-7-2020,127.00,131.00
9-4-2020,128.00,132.00
9-3-2020,130.00,134.00
9-2-2020,129.00,133.00
9-1-2020,129.00,133.00
8-31-2020,131.00,135.00
8-28-2020,132.00,136.00
8-27-2020,134.00,138.00
8-26-2020,133.00,137.00
8-25-2020,133.00,137.00
8-24-2020,133.00,137.00
8-21-2020,134.00,138.00
8-20-2020,131.00,136.00
8-19-2020,129.00,134.00
8-18-2020,127.00,132.00
8-17-2020,127.00,132.00
8-14-2020,127.00,132.00
8-13-2020,128.00,133.00
8-12-2020,127.00,132.00
8-11-2020,126.00,131.00
8-10-2020,126.00,131.00
8-7-2020,128.00,133.00
8-7-2020,127.00,132.00
8-7-2020,127.00,132.00
8-7-2020,127.00,132.00
8-6-2020,127.00,132.00
8-6-2020,125.00,130.00
8-5-2020,124.00,129.00
8-4-2020,123.00,128.00
8-3-2020,131.00,136.00
7-31-2020,131.00,136.00
7-30-2020,131.00,136.00
7-29-2020,130.00,135.00
7-28-2020,130.00,135.00
7-27-2020,131.00,136.00
7-24-2020,134.00,139.00
7-23-2020,131.00,136.00
7-22-2020,128.00,133.00
7-21-2020,127.00,132.00
7-20-2020,125.00,130.00
7-17-2020,125.00,130.00
7-16-2020,120.00,130.00
7-15-2020,117.00,127.00
7-14-2020,117.00,127.00
7-13-2020,117.00,127.00
7-10-2020,117.00,127.00
7-10-2020,117.00,127.00
7-8-2020,117.00,127.00
7-7-2020,117.00,127.00
7-6-2020,117.00,127.00
7-3-2020,117.00,127.00
7-2-2020,119.00,129.00
7-1-2020,118.00,128.00
6-30-2020,116.00,126.00
6-29-2020,119.00,129.00
6-26-2020,119.00,129.00
6-25-2020,118.00,128.00
6-24-2020,118.00,128.00
6-23-2020,117.00,127.00
6-22-2020,117.00,127.00
6-19-2020,118.00,128.00
6-18-2020,117.00,127.00
6-17-2020,114.00,124.00
6-16-2020,115.00,125.00
6-12-2020,116.00,126.00
6-11-2020,113.00,123.00
6-10-2020,114.00,124.00
6-9-2020,114.00,124.00
6-8-2020,115.00,125.00
6-5-2020,115.00,125.00
6-4-2020,113.00,123.00
6-3-2020,113.00,123.00
6-2-2020,114.00,124.00
6-1-2020,118.00,128.00
5-29-2020,115.00,125.00
5-28-2020,114.00,124.00
5-27-2020,117.00,127.00
5-26-2020,119.00,129.00
5-22-2020,116.00,126.00
5-21-2020,115.00,125.00
5-20-2020,114.00,124.00
5-19-2020,114.00,124.00
5-18-2020,118.00,128.00
5-15-2020,128.00,138.00
5-14-2020,128.00,138.00
5-13-2020,123.00,133.00
5-12-2020,117.00,127.00
5-11-2020,114.50,124.50
5-8-2020,112.00,122.00
5-7-2020,112.00,122.00
5-6-2020,112.00,122.00
5-5-2020,110.00,120.00
5-4-2020,110.00,120.00
4-30-2020,108.00,118.00
4-29-2020,111.00,121.00
4-28-2020,110.00,120.00
4-27-2020,108.00,118.00
4-24-2020,107.00,117.00
4-23-2020,110.00,120.00
4-22-2020,100.00,110.00
4-21-2020,98.00,107.00
4-20-2020,96.00,105.00
4-17-2020,96.00,105.00
4-16-2020,95.00,100.00
4-15-2020,90.00,96.00
4-14-2020,85.00,90.00
4-13-2020,84.25,89.25
4-8-2020,80.00,85.00
4-7-2020,80.00,85.00
4-6-2020,80.00,85.00
4-3-2020,78.50,83.50
4-2-2020,78.50,83.50
4-1-2020,79.50,83.50
3-30-2020,78.50,83.50
3-27-2020,78.50,83.50
3-26-2020,79.50,84.50
3-25-2020,79.50,84.50
3-20-2020,80.50,85.50
3-19-2020,81.50,85.50
3-18-2020,84.25,89.25
3-17-2020,82.50,86.50
3-16-2020,81.00,85.00
3-13-2020,79.75,83.75
3-12-2020,79.00,83.00
3-11-2020,76.00,80.00
3-10-2020,75.75,79.75
3-9-2020,75.50,79.50
3-6-2020,74.50,78.50
3-5-2020,74.50,78.50
3-4-2020,74.50,78.50
3-3-2020,74.50,78.50
3-2-2020,74.50,78.50
2-28-2020,74.50,78.50
2-27-2020,74.50,78.50
2-26-2020,74.70,78.70
2-21-2020,74.80,78.80
2-20-2020,74.80,78.80
2-19-2020,74.90,78.90
2-18-2020,74.70,78.70
2-17-2020,74.00,78.00
2-14-2020,73.90,77.90
2-13-2020,74.90,78.90
2-12-2020,74.25,78.25
2-11-2020,73.50,77.50
2-10-2020,73.00,77.00
2-7-2020,73.50,77.50
2-6-2020,73.50,77.50
2-5-2020,74.00,78.00
2-4-2020,74.00,78.00
2-3-2020,74.00,78.00
1-31-2020,74.00,78.00
1-30-2020,74.00,78.00
1-29-2020,74.25,78.25
1-28-2020,74.25,78.25
1-27-2020,74.00,78.00
1-24-2020,74.50,78.50
1-23-2020,73.75,77.75
1-22-2020,73.75,77.75
1-21-2020,73.50,77.50
1-20-2020,74.00,78.00
1-17-2020,73.75,77.75
1-16-2020,73.75,77.75
1-15-2020,74.00,78.00
1-14-2020,73.50,77.50
1-13-2020,71.50,76.50
1-10-2020,71.50,76.50
1-9-2020,71.50,76.50
1-8-2020,71.50,76.50
1-7-2020,71.25,76.25
1-6-2020,72.25,77.25
1-3-2020,72.00,77.00
1-2-2020,72.00,77.00
12-30-2019,73.50,78.50
12-27-2019,73.50,78.50
12-26-2019,75.00,80.00
12-23-2019,71.75,76.75
12-20-2019,70.00,75.00
12-19-2019,72.75,75.75
12-18-2019,72.00,76.00
12-17-2019,69.00,74.00
12-16-2019,68.50,72.50
12-13-2019,61.75,66.75
12-12-2019,62.50,66.50
12-11-2019,64.50,68.50
12-10-2019,65.50,69.50
12-9-2019,66.00,70.00
12-6-2019,68.00,71.00
12-5-2019,66.00,70.00
12-4-2019,65.00,69.00
12-3-2019,64.50,68.50
12-2-2019,64.25,68.25
11-29-2019,66.25,69.25
11-28-2019,66.75,69.75
11-27-2019,66.25,69.25
11-26-2019,65.25,68.25
11-25-2019,65.00,68.00
11-22-2019,65.50,68.50
11-21-2019,63.75,66.75
11-20-2019,63.75,66.75
11-19-2019,63.50,66.50
11-15-2019,63.75,66.75
11-14-2019,63.75,66.75
11-13-2019,63.75,66.75
11-12-2019,62.50,65.50
11-11-2019,61.50,64.50
11-8-2019,62.25,65.25
11-7-2019,61.00,64.00
11-6-2019,62.00,65.00
11-5-2019,61.50,64.50
11-4-2019,62.50,65.50
11-1-2019,64.50,67.50
10-31-2019,66.00,69.00
10-30-2019,64.00,67.00
10-29-2019,64.00,67.00
10-28-2019,71.00,74.00
10-25-2019,72.75,75.75
10-24-2019,66.75,69.75
10-23-2019,66.75,69.75
10-22-2019,64.25,67.25
10-21-2019,63.25,66.25
10-18-2019,62.25,65.25
10-17-2019,64.50,67.50
10-16-2019,62.50,64.50
10-15-2019,61.50,63.50
10-11-2019,61.50,63.50
10-10-2019,61.00,63.00
10-9-2019,59.75,61.75
10-8-2019,57.50,61.50
10-7-2019,58.25,61.25
10-4-2019,58.25,61.25
10-3-2019,58.00,61.00
10-2-2019,58.50,61.50
10-1-2019,57.75,60.75
9-30-2019,58.25,61.25
9-27-2019,58.50,61.50
9-26-2019,59.00,62.00
9-25-2019,58.75,61.75
9-24-2019,58.75,61.75
9-23-2019,59.25,62.25
9-20-2019,58.75,62.75
9-19-2019,60.00,63.00
9-18-2019,59.75,62.75
9-17-2019,59.00,62.00
9-16-2019,58.50,61.50
9-13-2019,57.50,61.50
9-12-2019,55.00,60.00
9-11-2019,55.00,59.00
9-10-2019,54.50,58.75
9-9-2019,55.00,59.00
9-6-2019,55.00,59.00
9-5-2019,54.00,59.00
9-4-2019,54.00,59.00
9-3-2019,57.00,61.00
9-2-2019,59.50,63.50
8-30-2019,60.00,63.00
8-29-2019,57.75,60.75
8-28-2019,59.50,60.50
8-27-2019,56.00,59.00
8-26-2019,54.50,57.50
8-23-2019,54.00,58.00
8-22-2019,54.00,58.00
8-21-2019,54.50,58.50
8-20-2019,53.00,58.00
8-16-2019,55.00,59.00
8-15-2019,55.00,59.00
8-14-2019,58.50,62.00
8-13-2019,53.00,57.00
8-12-2019,53.00,57.00
8-9-2019,45.40,46.90
8-8-2019,45.22,46.72
8-7-2019,45.00,46.50
8-6-2019,44.90,46.40
8-5-2019,45.10,46.60
8-2-2019,44.40,45.90
8-1-2019,43.93,45.43
7-31-2019,43.70,45.20
7-30-2019,43.65,45.15
7-29-2019,43.65,45.15
7-26-2019,43.45,44.95
7-25-2019,43.45,44.95
7-24-2019,43.10,44.60
7-23-2019,42.75,44.25
7-22-2019,42.55,44.05
7-19-2019,42.45,43.95
7-18-2019,42.45,43.95
7-17-2019,42.70,44.20
7-16-2019,42.95,44.45
7-15-2019,42.25,43.75
7-12-2019,41.75,43.25
7-11-2019,41.70,43.20
7-10-2019,41.30,42.80
7-5-2019,41.40,42.90
7-4-2019,41.40,42.90
7-3-2019,41.55,43.05
7-2-2019,42.00,43.50
7-1-2019,41.95,43.45
6-28-2019,42.30,43.80
6-27-2019,42.70,44.20
6-26-2019,42.70,44.20
6-25-2019,42.60,44.10
6-24-2019,42.94,44.44
6-21-2019,43.00,44.50
6-19-2019,43.40,44.90
6-18-2019,43.65,45.15
6-14-2019,43.70,45.20
6-13-2019,43.80,45.30
6-12-2019,43.80,45.30
6-11-2019,44.00,45.50
6-10-2019,44.00,45.50
6-7-2019,44.20,45.70
6-6-2019,44.15,45.65
6-5-2019,44.10,45.60
6-4-2019,44.50,46.00
6-3-2019,44.60,46.10
5-31-2019,44.50,46.00
5-30-2019,44.40,45.90
5-29-2019,44.70,46.20
5-28-2019,44.70,46.20
5-27-2019,44.65,46.15
5-24-2019,44.65,46.15
5-23-2019,44.70,46.20
5-22-2019,44.60,46.10
5-21-2019,44.75,46.25
5-20-2019,44.85,46.35
5-17-2019,44.60,46.10
5-16-2019,44.50,46.00
5-15-2019,44.50,46.00
5-14-2019,44.50,46.00
5-13-2019,44.50,46.00
5-10-2019,44.50,46.00
5-9-2019,45.00,46.00
5-8-2019,45.00,46.00
5-7-2019,45.00,46.00
5-6-2019,45.50,46.50
5-3-2019,44.55,45.75
5-2-2019,45.25,46.25
4-30-2019,45.00,46.00
4-29-2019,44.07,45.07
4-26-2019,45.10,46.10
4-25-2019,45.00,46.00
4-24-2019,43.50,44.50
4-23-2019,43.15,44.15
4-22-2019,43.35,44.35
4-17-2019,41.40,43.45
4-16-2019,42.80,43.80
4-15-2019,42.50,43.50
4-12-2019,42.65,43.65
4-11-2019,43.00,44.00
4-10-2019,43.00,44.00
4-9-2019,43.00,44.00
4-8-2019,43.00,44.00
4-5-2019,43.00,44.00
4-4-2019,42.65,43.65
4-3-2019,42.50,43.50
4-1-2019,42.50,43.50
3-29-2019,42.65,43.65
3-28-2019,41.80,43.80
3-27-2019,43.00,44.00
3-26-2019,41.55,42.55
3-25-2019,40.90,41.90
3-22-2019,39.75,41.75
3-21-2019,39.25,41.25
3-20-2019,40.25,41.25
3-19-2019,40.25,41.25
3-18-2019,40.00,41.00
3-15-2019,39.00,41.00
3-14-2019,40.00,41.00
3-13-2019,40.50,41.50
3-12-2019,40.25,41.25
3-11-2019,40.00,41.00
3-8-2019,40.00,41.00
3-7-2019,41.50,42.50
3-6-2019,38.50,40.50
3-1-2019,37.00,39.00
2-28-2019,38.00,39.00
2-27-2019,38.00,39.00
2-26-2019,37.25,39.25
2-25-2019,36.75,38.75
2-22-2019,38.75,38.75
2-21-2019,38.25,39.25
2-20-2019,38.75,39.75
2-19-2019,38.00,39.00
2-18-2019,37.75,38.75
2-15-2019,37.75,38.75
2-14-2019,37.50,38.50
2-13-2019,37.25,38.25
2-12-2019,37.00,38.00
2-11-2019,37.00,38.00
2-8-2019,36.50,37.50
2-7-2019,36.75,37.75
2-6-2019,35.25,37.25
2-5-2019,35.30,37.30
2-4-2019,35.50,37.50
2-1-2019,35.75,37.75
1-31-2019,35.50,37.50
1-30-2019,36.25,38.25
1-29-2019,36.50,38.50
1-28-2019,36.25,38.25
1-25-2019,36.25,38.25
1-24-2019,36.50,38.50
1-23-2019,37.00,39.00
1-22-2019,36.75,38.75
1-21-2019,36.75,38.75
1-18-2019,37.00,39.00
1-17-2019,37.00,39.00
1-16-2019,37.25,39.25
1-15-2019,37.25,39.25
1-14-2019,37.25,39.00
1-11-2019,37.25,39.25
1-10-2019,37.25,39.25
1-9-2019,37.75,39.75
1-8-2019,37.25,39.25
1-7-2019,37.50,39.50
1-4-2019,38.00,40.00
1-3-2019,38.25,40.25
1-2-2019,38.50,40.50
12-28-2018,38.50,40.50
12-27-2018,38.00,40.00
12-26-2018,37.75,39.75
12-21-2018,37.00,39.00
12-20-2018,37.00,39.00
12-19-2018,37.00,39.00
12-18-2018,36.50,38.50
12-17-2018,36.50,38.50
12-14-2018,35.65,37.65
12-13-2018,35.65,37.65
12-12-2018,35.50,37.50
12-11-2018,35.50,37.50
12-10-2018,35.50,37.50
12-7-2018,35.50,37.50
12-6-2018,35.50,37.50
12-5-2018,35.00,37.00
12-4-2018,35.00,37.00
12-3-2018,35.00,37.00
11-29-2018,36.00,38.00
11-28-2018,36.00,38.00
11-27-2018,36.50,38.50
11-26-2018,37.00,39.00
11-23-2018,35.50,37.50
11-22-2018,34.50,36.50
11-21-2018,34.30,36.30
11-20-2018,34.26,36.26
11-16-2018,34.06,36.06
11-15-2018,34.09,36.09
11-14-2018,34.00,36.00
11-13-2018,34.00,36.00
11-12-2018,33.25,35.25
11-9-2018,33.50,35.50
11-8-2018,33.50,35.50
11-7-2018,33.50,35.50
11-5-2018,33.60,35.60
11-2-2018,34.25,36.25
11-1-2018,34.25,36.25
10-31-2018,34.50,36.50
10-30-2018,35.00,37.00
10-29-2018,35.00,37.00
10-26-2018,35.25,37.25
10-25-2018,35.20,37.20
10-24-2018,35.20,37.20
10-23-2018,35.30,37.30
10-22-2018,35.25,37.25
10-19-2018,35.75,37.75
10-18-2018,35.75,37.75
10-17-2018,35.70,37.70
10-16-2018,35.70,37.80
10-12-2018,35.80,37.80
10-11-2018,36.00,38.00
10-10-2018,36.00,38.00
10-9-2018,36.00,38.00
10-8-2018,36.00,38.00
10-5-2018,36.50,38.50
10-4-2018,36.80,38.80
10-3-2018,37.00,39.00
10-2-2018,36.50,38.50
10-1-2018,38.00,40.00
9-28-2018,39.30,41.30
9-27-2018,39.00,40.50
9-26-2018,37.75,39.25
9-25-2018,38.50,40.00
9-24-2018,36.75,38.25
9-21-2018,36.75,38.25
9-20-2018,37.50,39.00
9-19-2018,38.00,39.50
9-18-2018,38.00,39.75
9-17-2018,38.35,40.35
9-14-2018,38.00,40.00
9-13-2018,38.00,39.50
9-12-2018,37.00,38.50
9-11-2018,36.50,38.25
9-10-2018,35.70,37.70
9-7-2018,36.50,37.50
9-6-2018,36.60,38.60
9-5-2018,37.20,39.20
9-4-2018,38.00,40.00
9-3-2018,36.70,38.70
8-31-2018,36.00,38.00
8-30-2018,38.50,40.00
8-29-2018,34.00,35.00
8-28-2018,32.00,33.00
8-27-2018,31.20,32.20
8-24-2018,30.35,31.35
8-23-2018,29.95,30.95
8-22-2018,29.80,30.80
8-21-2018,29.50,30.50
8-17-2018,29.20,30.20
8-16-2018,29.10,30.10
8-15-2018,29.50,30.50
8-14-2018,29.50,30.50
8-13-2018,29.50,30.50
8-10-2018,28.50,29.50
8-9-2018,27.50,28.50
8-8-2018,27.30,28.30
8-7-2018,27.30,28.30
8-6-2018,27.30,28.30
8-3-2018,27.35,28.35
8-2-2018,27.40,28.40
8-1-2018,27.45,28.45
7-31-2018,27.45,28.45
7-30-2018,27.65,28.65
7-27-2018,27.70,28.70
7-26-2018,27.70,28.70
7-25-2018,27.70,28.70
7-24-2018,27.70,28.70
7-23-2018,27.80,28.80
7-20-2018,27.90,28.90
7-19-2018,27.65,28.65
7-18-2018,27.65,28.65
7-17-2018,27.80,28.80
7-16-2018,27.85,28.85
7-13-2018,27.68,28.68
7-12-2018,27.40,28.40
7-11-2018,27.50,28.50
7-10-2018,27.50,28.50
7-6-2018,27.90,28.90
7-5-2018,27.90,28.90
7-4-2018,27.97,28.95
7-3-2018,28.00,29.00
7-2-2018,28.30,29.30
6-29-2018,28.40,29.40
6-28-2018,27.50,28.50
6-27-2018,27.30,28.30
6-26-2018,27.30,28.30
6-25-2018,27.30,28.30
6-22-2018,27.10,28.10
6-21-2018,27.50,28.50
6-19-2018,27.50,28.50
6-18-2018,27.50,28.50
6-15-2018,27.70,28.70
6-14-2018,27.20,28.70
6-13-2018,26.00,27.00
6-12-2018,25.70,26.70
6-11-2018,25.50,26.30
6-8-2018,25.20,26.20
6-7-2018,24.85,25.65
6-6-2018,24.75,25.55
6-5-2018,25.10,25.90
6-4-2018,25.20,26.00
6-1-2018,25.20,26.00
5-31-2018,25.17,25.97
5-30-2018,25.10,25.90
5-29-2018,25.05,25.85
5-28-2018,25.05,25.85
5-24-2018,24.80,25.75
5-23-2018,24.49,25.49
5-22-2018,24.40,25.40
5-21-2018,24.40,25.40
5-18-2018,24.60,25.40
5-17-2018,24.60,25.20
5-16-2018,24.20,25.00
5-15-2018,24.00,24.80
5-14-2018,25.80,26.80
5-11-2018,23.65,24.25
5-10-2018,22.95,23.55
5-9-2018,22.90,23.50
5-8-2018,22.40,23.00
5-7-2018,21.90,22.50
5-4-2018,21.80,22.20
5-3-2018,23.10,23.50
5-2-2018,21.10,21.50
4-27-2018,20.60,21.00
4-26-2018,20.45,20.85
4-25-2018,20.16,20.56
4-24-2018,20.19,20.59
4-23-2018,20.17,20.57
4-20-2018,20.18,20.58
4-19-2018,20.15,20.55
4-18-2018,20.23,20.63
4-17-2018,20.30,20.70
4-16-2018,20.30,20.70
4-13-2018,20.30,20.70
4-12-2018,20.30,20.70
4-11-2018,20.30,20.70
4-10-2018,20.21,20.61
4-9-2018,20.21,20.61
4-6-2018,20.24,20.64
4-5-2018,20.25,20.65
4-4-2018,20.20,20.60
4-3-2018,20.42,20.82
3-28-2018,20.36,20.76
3-27-2018,20.36,20.76
3-26-2018,20.48,20.88
3-23-2018,20.54,20.94
3-22-2018,20.50,20.90
3-21-2018,20.58,20.98
3-20-2018,20.57,20.97
3-19-2018,20.52,20.92
3-16-2018,20.49,20.89
3-15-2018,20.42,20.82
3-14-2018,20.35,20.75
3-13-2018,20.27,20.67
3-12-2018,20.20,20.60
3-9-2018,20.21,20.61
3-8-2018,20.25,20.65
3-7-2018,20.28,20.68
3-6-2018,20.25,20.65
3-5-2018,20.15,20.55
3-2-2018,20.10,20.50
3-1-2018,20.00,20.40
2-28-2018,19.95,20.35
2-27-2018,20.00,20.40
2-26-2018,20.00,20.40
2-23-2018,19.95,20.35
2-22-2018,19.91,20.31
2-21-2018,19.80,20.30
2-20-2018,19.76,20.16
2-19-2018,19.83,20.23
2-16-2018,19.75,20.15
2-15-2018,18.72,20.12
2-14-2018,19.80,20.20
2-9-2018,19.83,20.23
2-8-2018,19.53,19.93
2-7-2018,19.45,19.85
2-6-2018,19.49,19.89
2-5-2018,19.52,19.92
2-2-2018,19.52,19.92
2-1-2018,19.53,19.93
1-31-2018,19.55,19.95
1-30-2018,19.64,20.04
1-29-2018,19.63,20.03
1-26-2018,19.58,19.98
1-25-2018,19.56,19.96
1-24-2018,19.63,20.03
1-23-2018,19.48,19.88
1-22-2018,19.40,19.80
1-19-2018,19.29,19.69
1-18-2018,19.24,19.64
1-17-2018,19.22,19.62
1-16-2018,19.20,19.60
1-15-2018,19.21,19.61
1-12-2018,19.14,19.54
1-11-2018,19.01,19.41
1-10-2018,18.92,19.32
1-9-2018,19.14,19.54
1-8-2018,19.18,19.58
1-5-2018,19.05,19.45
1-4-2018,19.01,19.41
1-3-2018,18.89,19.29
1-2-2018,18.85,19.25
12-29-2017,18.88,19.28
12-28-2017,19.15,19.55
12-27-2017,18.65,19.05
12-26-2017,18.50,18.90
12-22-2017,18.07,18.47
12-21-2017,17.83,18.23
12-20-2017,17.66,18.06
12-19-2017,17.74,18.14
12-18-2017,17.85,18.25
12-15-2017,17.69,18.09
12-14-2017,17.56,17.96
12-13-2017,17.43,17.93
12-12-2017,17.55,17.95
12-11-2017,17.53,17.93
12-7-2017,17.48,17.88
12-6-2017,17.55,17.95
12-5-2017,17.56,17.96
12-4-2017,17.67,18.07
12-1-2017,17.61,18.01
11-30-2017,17.56,17.96
11-29-2017,17.72,18.12
11-28-2017,17.74,18.14
11-27-2017,17.71,18.11
11-24-2017,17.77,18.07
11-23-2017,17.70,18.10
11-22-2017,17.74,18.14
11-21-2017,17.72,18.12
11-17-2017,17.69,18.09
11-16-2017,17.66,18.06
11-15-2017,17.66,18.06
11-14-2017,17.67,18.07
11-13-2017,17.68,18.08
11-10-2017,17.58,17.98
11-9-2017,17.55,17.95
11-8-2017,17.50,17.90
11-7-2017,17.60,18.00
11-3-2017,17.61,18.01
11-2-2017,17.63,18.03
11-1-2017,17.63,18.03
10-31-2017,17.70,18.10
10-30-2017,17.75,18.15
10-27-2017,17.72,18.12
10-26-2017,17.68,18.08
10-25-2017,17.70,18.10
10-24-2017,17.74,18.14
10-23-2017,17.67,18.07
10-20-2017,17.61,18.01
10-19-2017,17.58,17.98
10-18-2017,17.65,18.05
10-17-2017,17.62,18.02
10-13-2017,17.50,17.90
10-12-2017,17.49,17.89
10-11-2017,17.45,17.85
10-10-2017,17.46,17.86
10-9-2017,17.47,17.87
10-6-2017,17.41,17.78
10-5-2017,17.40,17.80
10-4-2017,17.42,17.82
10-3-2017,17.50,17.90
10-2-2017,17.56,17.96
9-29-2017,17.51,17.91
9-28-2017,17.57,17.97
9-27-2017,17.59,17.99
9-26-2017,17.65,18.05
9-25-2017,17.57,17.97
9-22-2017,17.55,17.95
9-21-2017,17.55,17.95
9-20-2017,17.57,17.97
9-19-2017,17.55,17.95
9-18-2017,17.52,17.92
9-15-2017,17.44,17.84
9-14-2017,17.46,17.86
9-13-2017,17.45,17.85
9-12-2017,17.48,17.88
9-11-2017,17.54,17.94
9-8-2017,17.48,17.88
9-7-2017,17.43,17.83
9-6-2017,17.55,17.95
9-5-2017,17.59,17.99
9-4-2017,17.70,18.10
9-1-2017,17.75,18.15
8-31-2017,17.83,18.23
8-30-2017,17.86,18.26
8-29-2017,17.89,18.29
8-28-2017,17.91,18.31
8-25-2017,17.88,18.28
8-24-2017,17.86,18.26
8-23-2017,17.90,18.30
8-22-2017,17.92,18.32
8-18-2017,17.90,18.30
8-17-2017,17.95,18.35
8-16-2017,17.90,18.30
8-15-2017,17.75,18.15
8-14-2017,17.70,18.10
8-11-2017,18.08,18.48
8-10-2017,18.08,18.48
8-9-2017,18.01,18.41
8-8-2017,18.00,18.40
8-7-2017,17.79,18.19
8-4-2017,17.75,18.15
8-3-2017,17.78,18.18
8-2-2017,17.86,18.26
8-1-2017,17.69,18.09
7-31-2017,17.65,18.09
7-28-2017,18.03,18.43
7-27-2017,18.02,18.42
7-26-2017,17.87,18.27
7-25-2017,17.74,18.14
7-24-2017,17.65,18.05
7-21-2017,17.56,17.96
7-20-2017,17.44,17.84
7-19-2017,17.42,17.82
7-18-2017,17.44,17.84
7-17-2017,17.32,17.72
7-14-2017,17.17,17.57
7-13-2017,17.20,17.60
7-12-2017,17.10,17.50
7-11-2017,16.02,17.42
7-10-2017,16.90,17.30
7-7-2017,16.80,17.20
7-6-2017,16.85,17.25
7-5-2017,16.81,17.21
7-4-2017,16.56,16.96
7-3-2017,16.51,16.91
6-30-2017,16.44,16.84
6-29-2017,16.31,16.71
6-28-2017,16.27,16.67
6-27-2017,16.32,16.72
6-26-2017,16.27,16.67
6-23-2017,16.16,16.56
6-22-2017,16.13,16.53
6-21-2017,16.30,16.70
6-19-2017,16.24,16.64
6-16-2017,16.13,16.53
6-15-2017,16.09,16.49
6-14-2017,16.11,16.51
6-13-2017,16.01,16.41
6-12-2017,16.01,16.41
6-9-2017,15.95,16.35
6-8-2017,15.94,16.34
6-7-2017,15.96,16.36
6-6-2017,15.98,16.38
6-5-2017,15.94,16.34
6-2-2017,15.92,16.32
6-1-2017,15.90,16.30
5-31-2017,15.99,16.39
5-30-2017,16.05,16.45
5-29-2017,16.00,16.41
5-26-2017,15.94,16.34
5-24-2017,15.89,16.29
5-23-2017,15.88,16.28
5-22-2017,15.82,16.22
5-19-2017,15.71,16.11
5-18-2017,15.80,16.20
5-17-2017,15.66,16.06
5-16-2017,15.65,16.05
5-15-2017,15.57,15.97
5-12-2017,15.53,15.93
5-11-2017,15.52,15.92
5-10-2017,15.44,15.94
5-9-2017,15.55,15.95
5-8-2017,15.61,16.01
5-5-2017,15.51,15.91
5-4-2017,15.51,15.91
5-3-2017,15.49,15.89
5-2-2017,15.57,15.97
4-28-2017,15.59,15.99
4-27-2017,15.55,15.95
4-26-2017,15.66,16.06
4-25-2017,15.70,16.10
4-24-2017,15.72,16.12
4-21-2017,15.69,16.09
4-20-2017,15.69,16.09
4-19-2017,15.70,16.10
4-18-2017,15.47,15.87
4-17-2017,15.51,15.91
4-12-2017,15.29,15.69
4-11-2017,15.29,15.69
4-10-2017,15.23,15.63
4-7-2017,15.29,15.69
4-6-2017,15.47,15.87
4-5-2017,15.47,15.87
4-4-2017,15.48,15.88
4-3-2017,15.59,15.99
3-31-2017,15.58,15.98
3-30-2017,15.49,15.89
3-29-2017,15.50,15.90
3-28-2017,15.67,16.07
3-27-2017,15.71,16.11
3-23-2017,15.69,16.09
3-22-2017,15.68,16.08
3-21-2017,15.73,16.13
3-20-2017,15.80,16.20
3-17-2017,15.67,16.07
3-16-2017,15.64,16.04
3-15-2017,15.66,16.06
3-14-2017,15.67,16.07
3-13-2017,15.68,16.08
3-10-2017,15.64,16.04
3-9-2017,15.62,16.02
3-8-2017,15.62,16.02
3-7-2017,15.69,16.09
3-6-2017,15.70,16.10
3-3-2017,15.67,16.07
3-2-2017,15.62,16.02
3-1-2017,15.84,16.24
2-24-2017,15.88,16.28
2-23-2017,15.86,16.26
2-22-2017,15.95,16.35
2-21-2017,16.02,16.42
2-20-2017,16.09,16.49
2-17-2017,16.08,16.48
2-16-2017,15.98,16.28
2-15-2017,15.92,16.32
2-14-2017,16.01,16.41
2-13-2017,16.05,16.45
2-10-2017,16.03,16.43
2-9-2017,16.03,16.43
2-8-2017,16.08,16.48
2-7-2017,16.09,16.49
2-6-2017,16.08,16.48
2-3-2017,16.08,16.48
2-2-2017,16.11,16.51
2-1-2017,16.21,16.61
1-31-2017,16.24,16.64
1-30-2017,16.30,16.70
1-27-2017,16.40,16.80
1-26-2017,16.40,16.80
1-25-2017,16.45,16.85
1-24-2017,16.47,16.87
1-23-2017,16.48,16.88
1-20-2017,16.46,16.86
1-19-2017,16.49,16.89
1-18-2017,16.48,16.88
1-17-2017,16.45,16.85
1-16-2017,16.41,16.81
1-13-2017,16.39,16.79
1-12-2017,16.42,16.82
1-11-2017,16.41,16.81
1-10-2017,16.45,16.85
1-9-2017,16.48,16.88
1-6-2017,16.46,16.86
1-5-2017,16.47,16.87
1-4-2017,16.56,16.96
1-3-2017,16.71,17.11
1-2-2017,16.59,16.99
12-30-2016,16.47,16.87
12-29-2016,16.55,16.95
12-28-2016,16.40,16.80
12-27-2016,16.37,16.77
12-26-2016,16.45,16.85
12-23-2016,16.26,16.66
12-22-2016,16.24,16.64
12-21-2016,16.18,16.58
12-20-2016,16.18,16.58
12-19-2016,16.34,16.74
12-16-2016,16.29,16.69
12-15-2016,16.26,16.66
12-14-2016,16.03,16.43
12-13-2016,15.96,16.36
12-12-2016,15.94,16.34
12-7-2016,15.90,16.30
12-6-2016,15.68,16.18
12-5-2016,15.88,16.28
12-2-2016,15.95,16.35
12-1-2016,15.85,16.25
11-30-2016,15.75,16.15
11-29-2016,15.70,16.10
11-25-2016,15.69,16.09
11-24-2016,15.63,16.03
11-23-2016,15.55,15.95
11-22-2016,15.42,15.82
11-21-2016,15.42,15.82
11-18-2016,15.45,15.85
11-17-2016,15.40,15.80
11-16-2016,15.40,15.80
11-15-2016,15.45,15.85
11-14-2016,15.50,15.90
11-11-2016,15.05,15.45
11-10-2016,14.95,15.35
11-9-2016,14.98,15.38
11-8-2016,15.02,15.42
11-7-2016,15.07,15.47
11-4-2016,15.02,15.42
11-3-2016,14.97,15.37
11-2-2016,15.00,15.40
11-1-2016,15.03,15.43
10-31-2016,15.16,15.56
10-28-2016,15.17,15.57
10-27-2016,15.10,15.50
10-26-2016,15.18,15.58
10-25-2016,15.21,15.61
10-24-2016,15.22,15.62
10-21-2016,15.16,15.56
10-20-2016,15.18,15.58
10-19-2016,15.23,15.63
10-18-2016,15.24,15.64
10-17-2016,15.27,15.67
10-14-2016,15.20,15.60
10-13-2016,15.15,15.55
10-12-2016,15.13,15.53
10-11-2016,15.19,15.59
10-7-2016,15.15,15.55
10-6-2016,15.17,15.57
10-5-2016,15.20,15.60
10-4-2016,15.17,15.57
10-3-2016,15.26,15.66
9-30-2016,15.31,15.71
9-29-2016,15.34,15.74
9-28-2016,15.36,15.76
9-27-2016,15.38,15.78
9-26-2016,15.40,15.80
9-23-2016,15.32,15.72
9-22-2016,15.30,15.70
9-21-2016,15.28,15.68
9-20-2016,15.36,15.76
9-19-2016,15.20,15.60
9-16-2016,15.10,15.50
9-15-2016,15.02,15.42
9-14-2016,15.01,15.41
9-13-2016,14.97,15.37
9-12-2016,15.01,15.41
9-9-2016,14.98,15.38
9-8-2016,14.98,15.38
9-7-2016,14.90,15.30
9-6-2016,14.96,15.36
9-5-2016,14.98,15.38
9-2-2016,14.99,15.39
9-1-2016,14.88,15.28
8-31-2016,15.01,15.41
8-30-2016,15.09,15.49
8-29-2016,15.11,15.51
8-26-2016,15.09,15.49
8-25-2016,15.09,15.49
8-24-2016,15.11,15.51
8-23-2016,15.10,15.50
8-22-2016,15.06,15.46
8-19-2016,15.02,15.42
8-18-2016,15.04,15.44
8-17-2016,15.03,15.43
8-16-2016,14.97,15.37
8-12-2016,14.94,15.34
8-11-2016,14.90,15.30
8-10-2016,14.90,15.30
8-9-2016,14.95,15.35
8-8-2016,14.93,15.33
8-5-2016,14.84,15.24
8-4-2016,14.93,15.33
8-3-2016,14.92,15.32
8-2-2016,14.94,15.34
8-1-2016,15.09,15.49
7-29-2016,15.07,15.47
7-28-2016,15.12,15.52
7-27-2016,15.15,15.55
7-26-2016,15.13,15.53
7-25-2016,15.17,15.57
7-22-2016,15.03,15.43
7-21-2016,14.93,15.33
7-20-2016,14.97,15.37
7-19-2016,14.83,15.23
7-18-2016,14.99,15.39
7-15-2016,14.86,15.26
7-14-2016,14.71,15.11
7-13-2016,14.66,15.06
7-12-2016,14.69,15.09
7-11-2016,14.63,15.03
7-7-2016,14.40,14.90
7-6-2016,14.51,14.91
7-5-2016,14.60,15.00
7-4-2016,14.69,15.09
7-1-2016,14.65,15.05
6-30-2016,14.65,15.05
6-29-2016,14.62,15.02
6-28-2016,14.62,15.02
6-27-2016,14.92,15.32
6-24-2016,14.62,15.02
6-23-2016,14.35,14.75
6-22-2016,14.16,14.56
6-21-2016,14.06,14.46
6-16-2016,14.02,14.42
6-15-2016,14.06,14.46
6-14-2016,14.01,14.41
6-13-2016,14.01,14.41
6-10-2016,13.91,14.31
6-9-2016,13.91,14.31
6-8-2016,13.83,14.23
6-7-2016,13.79,14.19
6-6-2016,13.76,14.16
6-3-2016,13.88,14.28
6-2-2016,13.96,14.36
6-1-2016,14.03,14.43
5-31-2016,14.11,14.51
5-30-2016,14.24,14.64
5-27-2016,14.27,14.67
5-26-2016,14.27,14.67
5-24-2016,14.26,14.66
5-23-2016,14.27,14.67
5-20-2016,14.27,14.67
5-19-2016,14.29,14.69
5-18-2016,14.32,14.71
5-17-2016,14.26,14.66
5-16-2016,14.28,14.68
5-13-2016,14.23,14.63
5-12-2016,14.30,14.70
5-11-2016,14.20,14.60
5-10-2016,14.13,14.53
5-9-2016,14.13,14.53
5-6-2016,14.14,14.54
5-5-2016,14.18,14.58
5-4-2016,14.27,14.67
5-3-2016,14.26,14.66
5-2-2016,14.26,14.66
4-29-2016,14.26,14.66
4-28-2016,14.31,14.71
4-27-2016,14.34,14.74
4-26-2016,14.39,14.79
4-25-2016,14.45,14.85
4-22-2016,14.48,14.88
4-21-2016,14.40,14.80
4-20-2016,14.28,14.68
4-19-2016,14.33,14.73
4-18-2016,14.41,14.81
4-15-2016,14.54,14.94
4-14-2016,14.58,14.98
4-13-2016,14.52,14.92
4-12-2016,14.61,15.01
4-11-2016,14.56,14.96
4-8-2016,14.51,14.91
4-7-2016,14.55,14.95
4-6-2016,14.58,14.98
4-5-2016,14.70,15.10
4-4-2016,14.79,15.19
4-1-2016,14.81,15.21
3-31-2016,14.86,15.26
3-30-2016,14.90,15.30
3-29-2016,14.99,15.39
3-28-2016,15.03,15.43
3-23-2016,14.90,15.30
3-22-2016,14.94,15.34
3-21-2016,14.99,15.39
3-18-2016,15.16,15.56
3-17-2016,15.18,15.58
3-16-2016,15.02,15.42
3-15-2016,14.95,15.35
3-14-2016,15.21,15.61
3-11-2016,15.20,15.60
3-10-2016,15.31,15.71
3-9-2016,15.32,15.72
3-8-2016,15.34,15.74
3-7-2016,15.33,15.73
3-4-2016,15.32,15.72
3-3-2016,15.31,15.71
3-2-2016,15.40,15.90
3-1-2016,15.55,15.95
2-29-2016,15.21,15.61
2-26-2016,15.25,15.65
2-25-2016,15.26,15.66
2-24-2016,15.18,15.58
2-23-2016,15.03,15.43
2-22-2016,15.02,15.42
2-19-2016,14.93,15.33
2-18-2016,14.95,15.35
2-17-2016,14.92,15.32
2-16-2016,14.68,15.08
2-15-2016,14.60,15.00
2-12-2016,14.55,14.95
2-11-2016,14.26,14.66
2-10-2016,14.03,14.43
2-5-2016,14.01,14.41
2-4-2016,14.00,14.40
2-3-2016,13.99,14.39
2-2-2016,13.90,14.30
2-1-2016,14.00,14.40
1-29-2016,13.87,14.27
1-28-2016,13.89,14.29
1-27-2016,13.97,14.37
1-26-2016,13.96,14.36
1-25-2016,13.95,14.35
1-22-2016,13.95,14.35
1-21-2016,13.96,14.36
1-20-2016,13.95,14.35
1-19-2016,13.97,14.37
1-18-2016,13.97,14.37
1-15-2016,13.98,14.38
1-14-2016,14.01,14.41
1-13-2016,14.00,14.40
1-12-2016,13.98,14.38
1-11-2016,14.04,14.44
1-8-2016,14.05,14.45
1-7-2016,14.04,14.44
1-6-2016,14.03,14.43
1-5-2016,14.14,14.29
1-4-2016,14.05,14.20
12-31-2015,14.17,14.32
12-30-2015,14.17,14.32
12-29-2015,14.26,14.41
12-28-2015,14.17,14.32
12-24-2015,13.95,14.10
12-23-2015,13.95,14.10
12-22-2015,13.77,13.92
12-21-2015,13.75,13.90
12-18-2015,14.05,14.20
12-17-2015,14.21,14.36
12-16-2015,14.42,14.57
12-15-2015,14.39,14.54
12-14-2015,14.54,14.69
12-11-2015,14.71,14.86
12-10-2015,14.62,14.77
12-9-2015,14.58,14.73
12-4-2015,14.66,14.81
12-3-2015,14.58,14.73
12-2-2015,14.65,14.80
12-1-2015,14.34,14.49
11-30-2015,14.59,14.74
11-26-2015,14.81,14.96
11-25-2015,14.97,15.12
11-24-2015,15.09,15.24
11-23-2015,15.04,15.19
11-20-2015,14.92,15.07
11-19-2015,15.05,15.20
11-18-2015,15.26,15.41
11-17-2015,15.20,15.35
11-16-2015,14.95,15.10
11-13-2015,14.90,15.05
11-12-2015,15.12,15.27
11-11-2015,15.18,15.33
11-10-2015,14.55,14.70
11-9-2015,14.30,14.45
11-5-2015,14.99,15.14
11-4-2015,15.31,15.46
11-3-2015,15.36,15.51
11-2-2015,15.48,15.63
10-30-2015,15.60,15.75
10-29-2015,15.62,15.77
10-28-2015,15.75,15.90
10-27-2015,15.70,15.85
10-26-2015,15.66,15.81
10-23-2015,15.90,16.05
10-22-2015,15.88,16.03
10-21-2015,15.73,15.88
10-20-2015,15.88,16.03
10-19-2015,15.96,16.11
10-16-2015,15.79,15.94
10-15-2015,15.68,15.83
10-14-2015,15.67,15.82
10-13-2015,15.68,15.83
10-9-2015,15.68,15.83
10-8-2015,15.62,15.77
10-7-2015,15.60,15.75
10-6-2015,15.59,15.74
10-5-2015,15.65,15.80
10-2-2015,15.74,15.89
10-1-2015,15.73,15.88
9-30-2015,15.84,15.99
9-29-2015,15.85,16.00
9-28-2015,15.86,16.01
9-25-2015,15.91,16.06
9-24-2015,15.86,16.01
9-23-2015,15.78,15.93
9-22-2015,15.79,15.94
9-21-2015,15.75,15.90
9-18-2015,15.71,15.86
9-17-2015,15.76,15.91
9-16-2015,15.70,15.85
9-15-2015,15.53,15.68
9-14-2015,15.47,15.62
9-11-2015,15.37,15.52
9-10-2015,15.39,15.54
9-9-2015,15.40,15.55
9-8-2015,15.36,15.51
9-7-2015,15.30,15.45
9-4-2015,15.33,15.48
9-3-2015,15.51,15.66
9-2-2015,15.47,15.62
9-1-2015,15.36,15.51
8-31-2015,15.32,15.47
8-28-2015,15.38,15.53
8-27-2015,15.52,15.67
8-26-2015,15.77,15.92
8-25-2015,15.82,15.97
8-24-2015,15.69,15.84
8-21-2015,15.40,15.55
8-20-2015,15.20,15.35
8-19-2015,15.00,15.15
8-18-2015,14.90,15.05
8-14-2015,14.95,15.10
8-13-2015,14.82,14.97
8-12-2015,14.72,14.87
8-11-2015,14.68,14.83
8-10-2015,14.67,14.82
8-7-2015,14.77,14.92
8-6-2015,14.83,14.98
8-5-2015,14.80,14.95
8-4-2015,14.75,14.90
8-3-2015,14.74,14.89
7-31-2015,14.79,14.94
7-30-2015,14.76,14.91
7-29-2015,14.79,14.94
7-28-2015,14.80,14.95
7-27-2015,14.50,14.65
7-24-2015,14.34,14.49
7-23-2015,14.49,14.64
7-22-2015,14.74,14.89
7-21-2015,14.94,15.09
7-20-2015,14.40,14.55
7-17-2015,14.07,14.22
7-16-2015,13.96,14.11
7-15-2015,13.79,13.94
7-14-2015,13.85,14.00
7-13-2015,13.70,13.85
7-10-2015,13.47,13.62
7-8-2015,13.35,13.60
7-7-2015,13.34,13.59
7-6-2015,13.28,13.43
7-3-2015,13.33,13.48
7-2-2015,13.45,13.55
7-1-2015,13.45,13.55
6-30-2015,13.30,13.40
6-29-2015,13.19,13.29
6-26-2015,13.18,13.28
6-25-2015,13.42,13.52
6-24-2015,13.47,13.57
6-23-2015,13.25,13.35
6-22-2015,12.95,13.05
6-19-2015,12.92,13.02
6-18-2015,12.98,13.08
6-17-2015,12.84,12.94
6-16-2015,12.75,12.85
6-15-2015,12.60,12.70
6-12-2015,12.58,12.68
6-11-2015,12.57,12.67
6-10-2015,12.52,12.62
6-9-2015,12.52,12.62
6-8-2015,12.52,12.62
6-5-2015,12.55,12.65
6-4-2015,12.54,12.64
6-3-2015,12.56,12.66
6-2-2015,12.55,12.65
6-1-2015,12.53,12.63
5-29-2015,12.55,12.65
5-28-2015,12.60,12.70
5-27-2015,12.62,12.72
5-26-2015,12.62,12.72
5-22-2015,12.55,12.65
5-21-2015,12.54,12.64
5-20-2015,12.54,12.64
5-19-2015,12.60,12.70
5-18-2015,12.56,12.66
5-15-2015,12.55,12.65
5-14-2015,12.52,12.62
5-13-2015,12.49,12.59
5-12-2015,12.43,12.53
5-11-2015,12.42,12.52
5-8-2015,12.47,12.57
5-7-2015,12.49,12.59
5-6-2015,12.50,12.60
5-5-2015,12.48,12.58
5-4-2015,12.51,12.61
4-30-2015,12.60,12.70
4-29-2015,12.63,12.73
4-28-2015,12.63,12.73
4-27-2015,12.60,12.70
4-24-2015,12.70,12.80
4-23-2015,12.74,12.84
4-22-2015,12.69,12.79
4-21-2015,12.61,12.71
4-20-2015,12.58,12.68
4-17-2015,12.61,12.71
4-16-2015,12.62,12.72
4-15-2015,12.70,12.80
4-14-2015,12.42,12.52
4-13-2015,12.32,12.42
4-10-2015,12.30,12.40
4-9-2015,12.29,12.39
4-8-2015,12.35,12.45
4-7-2015,12.28,12.38
4-6-2015,12.39,12.49
4-1-2015,12.45,12.55
3-31-2015,12.52,12.62
3-30-2015,12.52,12.62
3-27-2015,12.68,12.78
3-26-2015,12.69,12.79
3-25-2015,12.71,12.81
3-20-2015,12.72,12.82
3-19-2015,12.76,12.86
3-18-2015,12.86,12.96
3-17-2015,12.78,12.88
3-16-2015,12.79,12.89
3-13-2015,12.86,12.96
3-12-2015,12.82,12.92
3-11-2015,12.72,12.82
3-10-2015,12.66,12.76
3-9-2015,12.66,12.76
3-6-2015,12.71,12.81
3-5-2015,12.75,12.85
3-4-2015,12.83,12.93
3-3-2015,12.83,12.93
3-2-2015,12.90,13.00
2-27-2015,12.93,13.03
2-26-2015,13.01,13.11
2-25-2015,13.04,13.14
2-24-2015,13.01,13.11
2-23-2015,13.01,13.11
2-20-2015,12.92,13.02
2-19-2015,12.75,12.85
2-18-2015,12.90,13.00
2-13-2015,13.09,13.19
2-12-2015,13.02,13.12
2-11-2015,13.05,13.15
2-10-2015,13.08,13.18
2-9-2015,13.08,13.18
2-6-2015,13.10,13.20
2-5-2015,13.15,13.25
2-4-2015,13.20,13.30
2-3-2015,13.21,13.31
2-2-2015,13.28,13.38
1-30-2015,13.50,13.60
1-29-2015,13.50,13.60
1-28-2015,13.65,13.75
1-27-2015,13.55,13.65
1-26-2015,13.56,13.66
1-23-2015,13.57,13.67
1-22-2015,13.60,13.70
1-21-2015,13.55,13.65
1-20-2015,13.55,13.65
1-19-2015,13.60,13.70
1-16-2015,13.49,13.59
1-15-2015,13.52,13.62
1-14-2015,13.52,13.62
1-13-2015,13.50,13.60
1-12-2015,13.60,13.70
1-9-2015,13.67,13.77
1-8-2015,13.67,13.77
1-7-2015,13.65,13.75
1-6-2015,13.65,13.75
1-5-2015,13.65,13.75
1-2-2015,13.70,13.80
12-30-2014,13.70,13.80
12-29-2014,13.45,13.55
12-23-2014,13.28,13.38
12-22-2014,13.08,13.18
12-19-2014,13.00,13.10
12-18-2014,13.05,13.15
12-17-2014,13.00,13.10
12-16-2014,13.05,13.15
12-15-2014,13.07,13.17
12-12-2014,12.75,12.85
12-11-2014,12.60,12.70
12-10-2014,12.68,12.78
12-9-2014,12.70,12.80
12-5-2014,12.68,12.78
12-4-2014,12.82,12.92
12-3-2014,12.95,13.05
12-2-2014,12.90,13.00
12-1-2014,13.00,13.10
11-28-2014,13.00,13.10
11-27-2014,13.10,13.20
11-26-2014,13.20,13.30
11-25-2014,13.25,13.35
11-21-2014,13.28,13.38
11-20-2014,13.40,13.50
11-19-2014,13.45,13.55
11-18-2014,13.45,13.55
11-17-2014,13.38,13.48
11-14-2014,13.28,13.38
11-13-2014,13.30,13.40
11-12-2014,13.58,13.68
11-11-2014,13.05,13.15
11-10-2014,12.55,12.65
11-7-2014,13.00,13.10
11-6-2014,13.40,13.50
11-5-2014,13.40,13.50
11-4-2014,13.50,13.60
11-3-2014,13.80,13.90
10-31-2014,14.18,14.28
10-30-2014,14.23,14.33
10-29-2014,14.43,14.53
10-28-2014,14.52,14.62
10-27-2014,14.58,14.68
10-24-2014,14.55,14.65
10-23-2014,14.60,14.70
10-22-2014,14.59,14.69
10-21-2014,14.60,14.70
10-20-2014,14.58,14.68
10-17-2014,14.60,14.70
10-16-2014,14.55,14.65
10-15-2014,14.63,14.73
10-14-2014,14.67,14.77
10-10-2014,14.85,14.95
10-9-2014,14.73,14.83
10-8-2014,14.55,14.65
10-7-2014,14.60,14.70
10-6-2014,14.85,14.95
10-3-2014,15.20,15.30
10-2-2014,15.40,15.50
10-1-2014,15.50,15.60
9-30-2014,15.60,15.70
9-29-2014,15.50,15.60
9-26-2014,15.65,15.75
9-25-2014,15.65,15.75
9-24-2014,15.85,15.95
9-23-2014,15.32,15.42
9-22-2014,15.05,15.15
9-19-2014,14.90,15.00
9-18-2014,14.90,15.00
9-17-2014,15.00,15.10
9-16-2014,14.60,14.70
9-15-2014,14.35,14.45
9-12-2014,14.25,14.35
9-11-2014,14.16,14.26
9-10-2014,14.15,14.25
9-9-2014,14.15,14.25
9-8-2014,14.10,14.20
9-5-2014,13.90,14.00
9-4-2014,13.90,14.00
9-3-2014,14.10,14.20
9-2-2014,14.15,14.25
9-1-2014,14.10,14.20
8-29-2014,13.95,14.05
8-27-2014,14.28,14.38
8-26-2014,14.10,14.20
8-25-2014,13.88,13.98
8-22-2014,13.78,13.88
8-21-2014,13.85,13.95
8-20-2014,13.45,13.55
8-19-2014,13.10,13.20
8-15-2014,13.10,13.20
8-14-2014,13.10,13.20
8-13-2014,13.05,13.15
8-12-2014,12.85,12.95
8-11-2014,12.70,12.80
8-8-2014,12.70,12.80
8-7-2014,12.70,12.80
8-6-2014,12.70,12.80
8-5-2014,12.60,12.70
8-4-2014,12.60,12.70
8-1-2014,12.70,12.80
7-31-2014,12.60,12.70
7-30-2014,12.20,12.30
7-29-2014,12.70,12.80
7-28-2014,12.90,13.00
7-25-2014,12.50,12.60
7-24-2014,12.40,12.50
7-23-2014,12.50,12.60
7-22-2014,12.35,12.45
7-21-2014,12.17,12.27
7-18-2014,12.15,12.25
7-17-2014,12.15,12.25
7-16-2014,12.10,12.20
7-15-2014,12.00,12.10
7-14-2014,11.90,12.00
7-11-2014,11.80,11.90
7-10-2014,11.90,12.00
7-8-2014,11.90,12.00
7-7-2014,11.85,11.95
7-4-2014,11.85,11.95
7-3-2014,11.85,11.95
7-2-2014,11.90,12.00
7-1-2014,11.95,12.05
6-30-2014,12.05,12.15
6-27-2014,12.05,12.15
6-26-2014,11.95,12.05
6-25-2014,11.95,12.05
6-24-2014,11.90,12.00
6-23-2014,11.70,11.80
6-19-2014,12.30,12.40
6-18-2014,12.20,12.30
6-17-2014,12.10,12.20
6-16-2014,11.75,11.85
6-13-2014,11.55,11.65
6-12-2014,11.60,11.70
6-11-2014,11.50,11.60
6-10-2014,11.50,11.60
6-9-2014,11.45,11.55
6-6-2014,11.45,11.55
6-5-2014,11.45,11.55
6-4-2014,11.45,11.55
6-3-2014,11.40,11.50
6-2-2014,11.30,11.40
5-30-2014,11.30,11.40
5-29-2014,11.60,11.70
5-28-2014,11.70,11.80
5-27-2014,11.65,11.75
5-26-2014,11.40,11.50
5-23-2014,11.27,11.37
5-22-2014,11.70,11.80
5-21-2014,11.80,11.90
5-20-2014,11.60,11.70
5-19-2014,11.20,11.30
5-16-2014,10.95,11.05
5-15-2014,10.80,10.90
5-14-2014,10.65,10.75
5-13-2014,10.60,10.80
5-12-2014,10.60,10.70
5-9-2014,10.60,10.70
5-8-2014,10.63,10.73
5-7-2014,10.60,10.70
5-6-2014,10.45,10.55
5-5-2014,10.40,10.50
4-30-2014,10.45,10.55
4-29-2014,10.50,10.60
4-28-2014,10.60,10.70
4-25-2014,10.65,10.75
4-24-2014,10.60,10.70
4-23-2014,10.40,10.50
4-22-2014,10.30,10.40
4-21-2014,10.30,10.40
4-16-2014,10.30,10.40
4-15-2014,10.30,10.40
4-14-2014,10.18,10.28
4-11-2014,10.28,10.38
4-10-2014,10.20,10.30
4-9-2014,10.20,10.30
4-8-2014,10.24,10.34
4-7-2014,10.50,10.60
4-4-2014,10.60,10.70
4-3-2014,10.65,10.75
4-1-2014,10.70,10.80
3-31-2014,10.70,10.80
3-28-2014,10.75,10.85
3-27-2014,10.75,10.85
3-26-2014,10.80,10.90
3-25-2014,10.80,10.90
3-21-2014,10.80,10.90
3-20-2014,10.85,10.95
3-19-2014,10.82,10.92
3-18-2014,10.83,10.93
3-17-2014,10.80,10.90
3-14-2014,10.85,10.95
3-13-2014,10.90,11.00
3-12-2014,10.75,10.85
3-11-2014,10.75,10.85
3-10-2014,10.85,10.95
3-7-2014,10.95,11.05
3-6-2014,10.95,11.00
3-5-2014,10.50,10.55
2-28-2014,11.20,11.25
2-27-2014,11.40,11.45
2-26-2014,11.50,11.55
2-25-2014,11.60,11.65
2-24-2014,11.65,11.70
2-21-2014,11.70,11.80
2-20-2014,11.73,11.83
2-19-2014,11.70,11.80
2-18-2014,11.68,11.78
2-17-2014,11.68,11.78
2-14-2014,11.75,11.85
2-13-2014,11.85,11.95
2-12-2014,12.00,12.10
2-11-2014,11.55,11.65
2-10-2014,11.55,11.65
2-7-2014,11.90,12.15
2-6-2014,11.90,12.40
2-5-2014,11.55,12.55
2-4-2014,11.55,12.55
2-3-2014,11.05,12.55
1-31-2014,11.15,12.65
1-30-2014,11.10,12.60
1-29-2014,11.40,12.90
1-28-2014,11.00,12.50
1-27-2014,10.15,12.15
1-24-2014,9.70,11.70
1-23-2014,13.01,13.06
1-22-2014,12.10,12.15
1-21-2014,11.81,11.86
1-20-2014,11.60,11.65
1-17-2014,11.90,11.95
1-16-2014,11.50,11.55
1-15-2014,11.16,11.21
1-14-2014,10.88,10.93
1-13-2014,10.72,10.77
1-10-2014,10.75,10.80
1-9-2014,10.75,10.80
1-8-2014,10.70,10.75
1-7-2014,10.85,10.90
1-6-2014,10.42,10.47
1-3-2014,10.25,10.30
1-2-2014,10.12,10.17
12-30-2013,9.95,10.00
12-27-2013,9.92,9.97
12-26-2013,9.85,9.90
12-23-2013,9.65,9.70
12-20-2013,9.60,9.65
12-19-2013,9.64,9.69
12-18-2013,9.75,9.80
12-17-2013,9.70,9.75
12-16-2013,9.65,9.70
12-13-2013,9.55,9.60
12-12-2013,9.50,9.55
12-11-2013,9.49,9.54
12-10-2013,9.50,9.55
12-9-2013,9.45,9.50
12-6-2013,9.45,9.50
12-5-2013,9.64,9.69
12-4-2013,9.57,9.62
12-3-2013,9.25,9.30
12-2-2013,9.13,9.18
11-29-2013,9.53,9.57
11-28-2013,9.64,9.69
11-27-2013,9.67,9.72
11-26-2013,9.76,9.81
11-22-2013,9.87,9.92
11-21-2013,9.89,9.94
11-20-2013,9.88,9.93
11-19-2013,9.87,9.92
11-18-2013,9.82,9.87
11-15-2013,9.89,9.94
11-14-2013,9.94,9.99
11-13-2013,9.85,9.90
11-12-2013,9.75,9.80
11-11-2013,9.74,9.79
11-8-2013,9.75,9.80
11-7-2013,9.74,9.79
11-6-2013,9.78,9.83
11-5-2013,9.78,9.83
11-4-2013,9.83,9.88
11-1-2013,9.88,9.93
10-31-2013,9.87,9.92
10-30-2013,9.88,9.93
10-29-2013,9.83,9.88
10-28-2013,9.70,9.75
10-23-2013,10.00,10.05
10-22-2013,10.00,10.05
10-21-2013,9.85,9.90
10-18-2013,9.83,9.88
10-17-2013,9.80,9.85
10-16-2013,9.71,9.76
10-15-2013,9.55,9.60
10-11-2013,9.67,9.72
10-10-2013,9.72,9.77
10-9-2013,9.65,9.70
10-8-2013,9.57,9.62
10-7-2013,9.50,9.55
10-4-2013,9.50,9.55
10-3-2013,9.55,9.60
10-2-2013,9.52,9.57
10-1-2013,9.48,9.53
9-30-2013,9.43,9.48
9-27-2013,9.48,9.53
9-26-2013,9.44,9.50
9-25-2013,9.40,9.45
9-24-2013,9.34,9.39
9-23-2013,9.32,9.37
9-20-2013,9.30,9.35
9-19-2013,9.30,9.35
9-18-2013,9.28,9.33
9-17-2013,9.28,9.33
9-16-2013,9.20,9.25
9-13-2013,9.17,9.25
9-12-2013,9.17,9.22
9-11-2013,9.16,9.21
9-10-2013,9.13,9.18
9-9-2013,9.17,9.22
9-6-2013,9.17,9.22
9-5-2013,9.18,9.23
9-4-2013,9.15,9.20
9-3-2013,9.15,9.20
9-2-2013,9.17,9.22
8-30-2013,9.20,9.25
8-29-2013,9.33,9.38
8-28-2013,9.33,9.38
8-27-2013,9.36,9.41
8-26-2013,8.98,9.03
8-23-2013,8.94,8.99
8-22-2013,8.90,8.95
8-21-2013,8.84,8.89
8-20-2013,8.81,8.86
8-16-2013,8.80,8.85
8-15-2013,8.80,8.85
8-14-2013,8.80,8.85
8-13-2013,8.69,8.74
8-12-2013,8.67,8.72
8-9-2013,8.73,8.78
8-7-2013,8.55,8.60
8-6-2013,8.53,8.58
8-5-2013,8.51,8.56
8-2-2013,8.51,8.56
8-1-2013,8.49,8.54
7-31-2013,8.48,8.53
7-30-2013,8.48,8.53
7-29-2013,8.48,8.53
7-26-2013,8.46,8.51
7-25-2013,8.46,8.51
7-24-2013,8.53,8.58
7-23-2013,8.45,8.50
7-22-2013,8.45,8.50
7-19-2013,8.47,8.52
7-18-2013,8.52,8.57
7-17-2013,8.70,8.75
7-16-2013,8.70,8.75
7-15-2013,8.53,8.58
7-12-2013,8.30,8.35
7-11-2013,8.16,8.20
7-10-2013,8.04,8.09
7-8-2013,7.93,7.98
7-5-2013,7.92,7.97
7-4-2013,7.93,7.98
7-3-2013,7.90,7.95
7-2-2013,7.88,7.93
7-1-2013,7.93,7.98
6-28-2013,8.00,8.05
6-27-2013,8.00,8.05
6-26-2013,8.00,8.05
6-25-2013,8.00,8.05
6-24-2013,8.00,8.05
6-19-2013,7.93,7.98
6-18-2013,7.81,7.86
6-17-2013,7.95,8.00
6-14-2013,7.95,8.00
6-13-2013,7.95,8.00
6-12-2013,8.20,8.25
6-11-2013,8.52,8.57
6-10-2013,8.52,8.57
6-7-2013,8.52,8.57
6-6-2013,8.52,8.57
6-5-2013,8.50,8.55
6-4-2013,8.45,8.50
6-3-2013,8.55,8.60
5-31-2013,8.75,8.80
5-30-2013,8.82,8.87
5-29-2013,8.83,8.88
5-28-2013,8.83,8.88
5-27-2013,8.88,8.93
5-24-2013,8.90,8.95
5-23-2013,8.75,8.80
5-22-2013,8.38,8.43
5-21-2013,8.53,8.58
5-20-2013,8.85,8.90
5-17-2013,8.90,8.95
5-16-2013,8.90,8.95
5-15-2013,9.00,9.05
5-14-2013,9.15,9.20
5-13-2013,9.98,10.03
5-10-2013,9.98,10.03
5-9-2013,9.98,10.03
5-8-2013,10.40,10.45
5-7-2013,10.04,10.08
5-6-2013,9.83,9.87
5-3-2013,9.84,9.88
5-2-2013,9.60,9.63
4-30-2013,9.37,9.40
4-29-2013,9.27,9.30
4-26-2013,9.30,9.34
4-25-2013,9.16,9.20
4-24-2013,8.91,8.94
4-23-2013,8.82,8.86
4-22-2013,8.63,8.67
4-19-2013,8.60,8.63
4-18-2013,8.63,8.66
4-17-2013,8.67,8.70
4-16-2013,8.50,8.52
4-15-2013,8.40,8.42
4-12-2013,8.41,8.43
4-11-2013,8.42,8.44
4-10-2013,8.37,8.39
4-9-2013,8.34,8.37
4-8-2013,8.30,8.33
4-5-2013,8.37,8.40
4-4-2013,8.30,8.32
4-3-2013,8.25,8.30
3-27-2013,8.38,8.43
3-26-2013,8.25,8.30
3-25-2013,8.22,8.27
3-22-2013,8.42,8.48
3-21-2013,8.40,8.45
3-20-2013,8.70,8.75
3-19-2013,8.25,8.27
3-18-2013,8.06,8.08
3-15-2013,8.03,8.05
3-14-2013,7.97,7.99
3-13-2013,7.90,7.92
3-12-2013,7.82,7.84
3-11-2013,7.80,7.82
3-8-2013,7.81,7.83
3-7-2013,7.80,7.82
3-6-2013,7.81,7.83
3-5-2013,7.80,7.82
3-4-2013,7.80,7.82
3-1-2013,7.82,7.84
2-28-2013,7.82,7.84
2-27-2013,7.80,7.82
2-26-2013,7.80,7.82
2-25-2013,7.76,7.78
2-22-2013,7.78,7.80
2-21-2013,7.81,7.83
2-19-2013,7.79,7.81
2-18-2013,7.68,7.70
2-15-2013,7.69,7.71
2-14-2013,7.64,7.66
2-13-2013,7.63,7.65
2-8-2013,7.65,7.67
2-7-2013,7.65,7.68
2-6-2013,7.68,7.70
2-5-2013,7.56,7.59
2-4-2013,7.70,7.72
2-1-2013,7.90,7.92
1-30-2013,7.89,7.92
1-29-2013,7.77,7.80
1-28-2013,7.64,7.66
1-25-2013,7.60,7.62
1-24-2013,7.54,7.56
1-23-2013,7.50,7.52
1-22-2013,7.41,7.43
1-21-2013,7.42,7.44
1-18-2013,7.46,7.48
1-17-2013,7.49,7.51
1-16-2013,7.47,7.50
1-15-2013,7.34,7.36
1-14-2013,7.23,7.25
1-11-2013,7.18,7.20
1-10-2013,7.22,7.25
1-9-2013,7.10,7.12
1-8-2013,7.03,7.05
1-7-2013,7.02,7.04
1-4-2013,7.02,7.04
1-3-2013,7.05,7.07
1-2-2013,6.89,6.91
12-31-2012,6.78,6.80
12-28-2012,6.78,6.80
12-27-2012,6.76,6.78
12-26-2012,6.62,6.64
12-21-2012,6.59,6.61
12-20-2012,6.61,6.63
12-19-2012,6.53,6.55
12-18-2012,6.51,6.53
12-17-2012,6.50,6.52
12-14-2012,6.51,6.53
12-13-2012,6.50,6.52
12-12-2012,6.46,6.48
12-11-2012,6.42,6.44
12-10-2012,6.43,6.45
12-7-2012,6.45,6.47
12-6-2012,6.42,6.44
12-5-2012,6.42,6.44
12-4-2012,6.42,6.44
12-3-2012,6.42,6.44
11-30-2012,6.42,6.44
11-29-2012,6.42,6.44
11-28-2012,6.45,6.47
11-27-2012,6.43,6.45
11-23-2012,6.44,6.46
11-22-2012,6.39,6.41
11-21-2012,6.36,6.38
11-20-2012,6.34,6.36
11-19-2012,6.34,6.36
11-16-2012,6.38,6.40
11-15-2012,6.33,6.35
11-14-2012,6.33,6.35
11-13-2012,6.30,6.32
11-12-2012,6.30,6.32
11-9-2012,6.31,6.33
11-8-2012,6.31,6.33
11-7-2012,6.28,6.30
11-5-2012,6.32,6.34
11-2-2012,6.31,6.33
11-1-2012,6.32,6.34
10-31-2012,6.32,6.34
10-30-2012,6.34,6.36
10-29-2012,6.33,6.35
10-26-2012,6.36,6.38
10-25-2012,6.35,6.37
10-24-2012,6.35,6.37
10-23-2012,6.30,6.32
10-22-2012,6.26,6.28
10-19-2012,6.29,6.31
10-18-2012,6.30,6.32
10-17-2012,6.31,6.33
10-16-2012,6.20,6.22
10-15-2012,6.18,6.20
10-12-2012,6.18,6.20
10-11-2012,6.19,6.21
10-10-2012,6.19,6.21
10-9-2012,6.18,6.20
10-5-2012,6.16,6.18
10-4-2012,6.17,6.19
10-3-2012,6.23,6.25
10-2-2012,6.24,6.26
10-1-2012,6.24,6.26
9-28-2012,6.28,6.30
9-27-2012,6.28,6.30
9-26-2012,6.27,6.29
9-25-2012,6.30,6.32
9-21-2012,6.30,6.32
9-20-2012,6.30,6.32
9-19-2012,6.29,6.31
9-18-2012,6.29,6.31
9-17-2012,6.28,6.30
9-14-2012,6.29,6.31
9-13-2012,6.28,6.30
9-12-2012,6.30,6.32
9-11-2012,6.28,6.30
9-10-2012,6.31,6.33
9-7-2012,6.31,6.33
9-6-2012,6.32,6.34
9-5-2012,6.33,6.35
9-4-2012,6.33,6.35
9-3-2012,6.32,6.34
8-31-2012,6.35,6.37
8-30-2012,6.35,6.37
8-29-2012,6.35,6.37
8-28-2012,6.34,6.36
8-27-2012,6.36,6.38
8-24-2012,6.38,6.41
8-23-2012,6.39,6.42
8-22-2012,6.37,6.40
8-21-2012,6.32,6.35
8-17-2012,6.30,6.33
8-16-2012,6.30,6.33
8-15-2012,6.29,6.32
8-14-2012,6.27,6.30
8-13-2012,6.25,6.28
8-10-2012,6.24,6.27
8-9-2012,6.23,6.26
8-8-2012,6.23,6.26
8-7-2012,6.23,6.26
8-6-2012,6.18,6.21
8-3-2012,6.17,6.20
8-2-2012,6.18,6.21
8-1-2012,6.24,6.27
7-31-2012,6.29,6.32
7-30-2012,6.34,6.37
7-27-2012,6.41,6.45
7-26-2012,6.38,6.42
7-25-2012,6.41,6.45
7-24-2012,6.39,6.43
7-23-2012,6.37,6.42
7-20-2012,6.40,6.45
7-19-2012,6.57,6.60
7-18-2012,6.70,6.74
7-17-2012,6.55,6.60
7-16-2012,6.28,6.31
7-13-2012,6.14,6.17
7-12-2012,6.08,6.10
7-11-2012,5.98,6.00
7-10-2012,5.95,5.97
7-6-2012,5.94,5.96
7-5-2012,5.94,5.96
7-4-2012,5.94,5.96
7-3-2012,5.94,5.96
7-2-2012,5.94,5.96
6-29-2012,5.93,5.95
6-28-2012,5.96,5.98
6-27-2012,5.93,5.95
6-26-2012,5.92,5.94
6-25-2012,5.95,5.98
6-22-2012,5.96,5.98
6-21-2012,5.96,5.98
6-19-2012,5.90,5.94
6-18-2012,5.88,5.92
6-15-2012,5.89,5.93
6-14-2012,5.89,5.93
6-13-2012,5.87,5.92
6-12-2012,5.87,5.92
6-1-2012,5.93,5.95
5-31-2012,5.90,5.92
5-30-2012,5.88,5.90
5-29-2012,5.87,5.91
5-28-2012,5.85,5.89
5-24-2012,5.90,5.93
5-23-2012,6.11,6.15
5-22-2012,5.90,5.94
5-21-2012,5.69,5.72
5-18-2012,5.60,5.63
5-17-2012,5.56,5.59
5-16-2012,5.46,5.49
5-15-2012,5.52,5.55
5-14-2012,5.26,5.28
5-11-2012,5.16,5.18
5-10-2012,5.08,5.10
5-9-2012,5.06,5.08
5-8-2012,5.04,5.06
5-7-2012,5.03,5.05
5-4-2012,5.02,5.04
5-3-2012,5.03,5.05
5-2-2012,5.06,5.08
4-27-2012,5.07,5.09
4-26-2012,5.08,5.10
4-25-2012,5.12,5.14
4-24-2012,5.11,5.13
4-23-2012,5.03,5.04
4-20-2012,5.01,5.02
4-19-2012,5.01,5.02
4-18-2012,5.00,5.02
4-17-2012,4.99,5.01
4-16-2012,4.94,4.95
4-13-2012,4.92,4.93
4-12-2012,4.90,4.91
4-11-2012,4.88,4.89
4-10-2012,4.87,4.88
4-9-2012,4.88,4.89
4-4-2012,4.90,4.91
4-3-2012,4.88,4.89
3-30-2012,4.92,4.93
3-29-2012,4.93,4.94
3-28-2012,4.92,4.93
3-27-2012,4.92,4.93
3-26-2012,4.90,4.91
3-23-2012,4.88,4.89
3-22-2012,4.86,4.87
3-21-2012,4.85,4.86
3-20-2012,4.81,4.82
3-19-2012,4.78,4.79
3-16-2012,4.81,4.82
3-15-2012,4.78,4.79
3-14-2012,4.73,4.74
3-13-2012,4.71,4.72
3-12-2012,4.71,4.72
3-9-2012,4.70,4.71
3-8-2012,4.70,4.71
3-7-2012,4.70,4.71
3-6-2012,4.68,4.69
3-5-2012,4.68,4.69
3-2-2012,4.68,4.69
3-1-2012,4.69,4.70
2-29-2012,4.71,4.72
2-28-2012,4.71,4.73
2-24-2012,4.72,4.73
2-23-2012,4.72,4.73
2-22-2012,4.73,4.74
2-17-2012,4.75,4.76
2-16-2012,4.73,4.74
2-15-2012,4.75,4.76
2-14-2012,4.73,4.74
2-13-2012,4.73,4.74
2-10-2012,4.75,4.76
2-9-2012,4.75,4.76
2-8-2012,4.72,4.73
2-7-2012,4.72,4.73
2-6-2012,4.76,4.77
2-3-2012,4.77,4.78
2-2-2012,4.77,4.78
2-1-2012,4.77,4.78
1-31-2012,4.78,4.79
1-30-2012,4.80,4.81
1-27-2012,4.83,4.84
1-26-2012,4.84,4.85
1-25-2012,4.83,4.84
1-24-2012,4.83,4.84
1-23-2012,4.83,4.84
1-20-2012,4.83,4.84
1-19-2012,4.83,4.84
1-18-2012,4.82,4.83
1-17-2012,4.80,4.81
1-16-2012,4.80,4.81
1-13-2012,4.80,4.81
1-12-2012,4.79,4.80
1-11-2012,4.79,4.80
1-10-2012,4.78,4.79
1-9-2012,4.78,4.79
1-6-2012,4.78,4.79
1-5-2012,4.78,4.79
1-4-2012,4.77,4.78
1-3-2012,4.74,4.75
12-30-2011,4.73,4.74
12-29-2011,4.73,4.74
12-28-2011,4.73,4.74
12-27-2011,4.69,4.71
12-23-2011,4.65,4.67
12-22-2011,4.63,4.65
12-21-2011,4.61,4.63
12-20-2011,4.61,4.63
12-19-2011,4.62,4.64
12-16-2011,4.60,4.61
12-15-2011,4.60,4.62
12-14-2011,4.59,4.61
12-13-2011,4.52,4.63
12-12-2011,4.62,4.73
12-7-2011,4.52,4.63
12-6-2011,4.60,4.71
12-5-2011,4.60,4.71
12-2-2011,4.60,4.73
12-1-2011,4.70,4.75
11-30-2011,4.62,4.74
11-29-2011,4.65,4.75
11-25-2011,4.65,4.75
11-24-2011,4.60,4.73
11-23-2011,4.60,4.70
11-22-2011,4.60,4.70
11-21-2011,4.60,4.70
11-18-2011,4.60,4.75
11-17-2011,4.60,4.70
11-16-2011,4.60,4.75
11-15-2011,4.60,4.75
11-14-2011,4.77,4.79
11-11-2011,4.97,4.99
11-10-2011,4.97,5.00
11-9-2011,4.85,4.87
11-8-2011,4.73,4.75
11-7-2011,4.66,4.68
11-4-2011,4.66,4.67
11-3-2011,4.66,4.68
11-2-2011,4.67,4.69
11-1-2011,4.60,4.62
10-31-2011,4.48,4.49
10-28-2011,4.48,4.49
10-27-2011,4.49,4.50
10-26-2011,4.47,4.48
10-25-2011,4.46,4.47
10-24-2011,4.46,4.46
10-21-2011,4.47,4.47
10-20-2011,4.46,4.47
10-19-2011,4.45,4.45
10-18-2011,4.41,4.42
10-17-2011,4.41,4.41
10-14-2011,4.42,4.43
10-13-2011,4.42,4.43
10-12-2011,4.37,4.38
10-11-2011,4.39,4.39
10-7-2011,4.39,4.40
10-6-2011,4.40,4.41
10-5-2011,4.43,4.43
10-4-2011,4.43,4.44
10-3-2011,4.42,4.42
9-30-2011,4.43,4.43
9-29-2011,4.43,4.43
9-28-2011,4.45,4.45
9-27-2011,4.45,4.45
9-26-2011,4.47,4.47
9-23-2011,4.48,4.49
9-22-2011,4.44,4.45
9-21-2011,4.43,4.44
9-20-2011,4.44,4.44
9-19-2011,4.44,4.44
9-16-2011,4.44,4.44
9-15-2011,4.44,4.44
9-14-2011,4.43,4.44
9-13-2011,4.43,4.44
9-12-2011,4.43,4.43
9-9-2011,4.43,4.43
9-8-2011,4.42,4.43
9-7-2011,4.42,4.43
9-6-2011,4.41,4.42
9-5-2011,4.41,4.42
9-2-2011,4.42,4.43
9-1-2011,4.41,4.42
8-31-2011,4.43,4.43
8-30-2011,4.44,4.44
8-29-2011,4.44,4.44
8-26-2011,4.43,4.44
8-25-2011,4.42,4.42
8-24-2011,4.39,4.39
8-23-2011,4.36,4.37
8-19-2011,4.37,4.37
8-18-2011,4.37,4.37
8-17-2011,4.36,4.36
8-16-2011,4.35,4.35
8-15-2011,4.33,4.34
8-12-2011,4.35,4.35
8-11-2011,4.34,4.35
8-10-2011,4.35,4.35
8-9-2011,4.34,4.34
8-8-2011,4.30,4.31
8-5-2011,4.32,4.32
8-4-2011,4.32,4.32
8-3-2011,4.32,4.33
8-2-2011,4.32,4.33
8-1-2011,4.32,4.32
7-29-2011,4.34,4.34
7-28-2011,4.34,4.34
7-27-2011,4.34,4.35
7-26-2011,4.34,4.34
7-25-2011,4.32,4.33
7-22-2011,4.32,4.32
7-21-2011,4.31,4.32
7-20-2011,4.31,4.32
7-19-2011,4.31,4.31
7-18-2011,4.29,4.29
7-15-2011,4.29,4.29
7-14-2011,4.28,4.29
7-13-2011,4.28,4.28
7-12-2011,4.27,4.27
7-11-2011,4.26,4.26
7-8-2011,4.26,4.26
7-7-2011,4.26,4.26
7-6-2011,4.27,4.27
7-5-2011,4.26,4.26
7-4-2011,4.26,4.27
7-1-2011,4.27,4.28
6-30-2011,4.27,4.27
6-29-2011,4.29,4.29
6-28-2011,4.29,4.29
6-27-2011,4.29,4.29
6-24-2011,4.30,4.30
6-23-2011,4.30,4.30
6-22-2011,4.29,4.30
6-21-2011,4.29,4.29
6-17-2011,4.30,4.30
6-16-2011,4.31,4.31
6-15-2011,4.30,4.31
6-14-2011,4.28,4.29
6-13-2011,4.26,4.26
6-10-2011,4.26,4.26
6-9-2011,4.26,4.26
6-8-2011,4.27,4.28
6-7-2011,4.26,4.26
6-6-2011,4.26,4.27
6-3-2011,4.28,4.28
6-2-2011,4.29,4.30
6-1-2011,4.30,4.31
5-31-2011,4.29,4.30
5-30-2011,4.32,4.33
5-27-2011,4.34,4.34
5-26-2011,4.34,4.34
5-24-2011,4.35,4.35
5-23-2011,4.34,4.34
5-20-2011,4.33,4.33
5-19-2011,4.33,4.33
5-18-2011,4.32,4.32
5-17-2011,4.31,4.32
5-16-2011,4.29,4.29
5-13-2011,4.28,4.29
5-12-2011,4.28,4.29
5-11-2011,4.28,4.28
5-10-2011,4.27,4.28
5-9-2011,4.26,4.27
5-6-2011,4.26,4.27
5-5-2011,4.27,4.27
5-4-2011,4.27,4.27
5-3-2011,4.28,4.29
5-2-2011,4.26,4.27
4-29-2011,4.30,4.31
4-28-2011,4.32,4.33
4-27-2011,4.28,4.29
4-26-2011,4.27,4.28
4-25-2011,4.24,4.25
4-20-2011,4.22,4.22
4-19-2011,4.21,4.22
4-18-2011,4.20,4.20
4-15-2011,4.20,4.20
4-14-2011,4.20,4.20
4-13-2011,4.18,4.18
4-12-2011,4.17,4.17
4-11-2011,4.16,4.16
4-8-2011,4.16,4.16
4-7-2011,4.16,4.16
4-6-2011,4.16,4.16
4-5-2011,4.15,4.16
4-4-2011,4.15,4.16
4-1-2011,4.15,4.16
3-31-2011,4.15,4.16
3-30-2011,4.16,4.16
3-29-2011,4.16,4.17
3-28-2011,4.16,4.17
3-23-2011,4.16,4.17
3-22-2011,4.15,4.16
3-21-2011,4.16,4.16
3-18-2011,4.15,4.16
3-17-2011,4.16,4.16
3-16-2011,4.16,4.17
3-15-2011,4.16,4.16
3-14-2011,4.14,4.14
3-11-2011,4.14,4.14
3-10-2011,4.11,4.11
3-9-2011,4.11,4.12
3-4-2011,4.13,4.13
3-3-2011,4.14,4.14
3-2-2011,4.14,4.15
3-1-2011,4.15,4.15
2-28-2011,4.15,4.15
2-25-2011,4.16,4.17
2-24-2011,4.17,4.17
2-23-2011,4.16,4.17
2-22-2011,4.16,4.16
2-21-2011,4.16,4.16
2-18-2011,4.17,4.18
2-17-2011,4.17,4.18
2-16-2011,4.16,4.17
2-15-2011,4.15,4.16
2-14-2011,4.14,4.14
2-11-2011,4.14,4.15
2-10-2011,4.13,4.14
2-9-2011,4.13,4.14
2-8-2011,4.13,4.14
2-7-2011,4.11,4.12
2-4-2011,4.11,4.12
2-3-2011,4.11,4.12
2-2-2011,4.11,4.12
2-1-2011,4.13,4.13
1-31-2011,4.13,4.14
1-28-2011,4.15,4.15
1-27-2011,4.15,4.15
1-26-2011,4.14,4.15
1-25-2011,4.14,4.14
1-24-2011,4.14,4.14
1-21-2011,4.14,4.15
1-20-2011,4.15,4.15
1-19-2011,4.14,4.15
1-18-2011,4.14,4.15
1-17-2011,4.13,4.13
1-14-2011,4.13,4.14
1-13-2011,4.13,4.14
1-12-2011,4.13,4.13
1-11-2011,4.13,4.13
1-10-2011,4.11,4.11
1-7-2011,4.12,4.12
1-6-2011,4.13,4.14
1-5-2011,4.13,4.14
1-4-2011,4.12,4.12
1-3-2011,4.11,4.11
12-30-2010,4.10,4.11
12-29-2010,4.11,4.12
12-28-2010,4.10,4.11
12-27-2010,4.09,4.09
12-23-2010,4.08,4.09
12-22-2010,4.07,4.08
12-21-2010,4.07,4.07
12-20-2010,4.06,4.07
12-17-2010,4.07,4.08
12-16-2010,4.06,4.07
12-15-2010,4.06,4.07
12-14-2010,4.05,4.05
12-13-2010,4.04,4.05
12-10-2010,4.04,4.04
12-9-2010,4.03,4.04
12-7-2010,4.04,4.04
12-6-2010,4.04,4.04
12-3-2010,4.06,4.06
12-2-2010,4.07,4.07
12-1-2010,4.06,4.06
11-30-2010,4.06,4.07
11-29-2010,4.06,4.06
11-26-2010,4.06,4.07
11-25-2010,4.07,4.07
11-24-2010,4.06,4.07
11-23-2010,4.05,4.05
11-19-2010,4.05,4.06
11-18-2010,4.05,4.06
11-17-2010,4.05,4.05
11-16-2010,4.03,4.04
11-15-2010,4.02,4.03
11-12-2010,4.03,4.04
11-11-2010,4.04,4.04
11-10-2010,4.02,4.03
11-9-2010,4.01,4.02
11-8-2010,4.01,4.02
11-5-2010,4.02,4.02
11-4-2010,4.03,4.04
11-3-2010,4.03,4.04
11-2-2010,4.03,4.04
11-1-2010,4.03,4.03
10-29-2010,4.03,4.04
10-28-2010,4.04,4.04
10-26-2010,4.03,4.04
10-25-2010,4.03,4.04
10-22-2010,4.04,4.04
10-21-2010,4.04,4.04
10-20-2010,4.04,4.04
10-19-2010,4.03,4.03
10-18-2010,4.02,4.03
10-15-2010,4.02,4.03
10-14-2010,4.02,4.02
10-13-2010,4.01,4.02
10-12-2010,4.00,4.00
10-8-2010,4.00,4.00
10-7-2010,4.00,4.01
10-6-2010,4.01,4.02
10-5-2010,4.01,4.02
10-4-2010,4.02,4.02
10-1-2010,4.02,4.03
9-30-2010,4.03,4.03
9-29-2010,4.03,4.03
9-28-2010,4.02,4.03
9-27-2010,4.02,4.02
9-24-2010,4.02,4.03
9-23-2010,4.02,4.03
9-22-2010,4.01,4.02
9-21-2010,4.01,4.01
9-20-2010,4.00,4.01
9-17-2010,4.01,4.01
9-16-2010,4.00,4.01
9-15-2010,4.00,4.01
9-14-2010,4.00,4.01
9-13-2010,3.99,4.00
9-10-2010,4.00,4.00
9-9-2010,4.00,4.01
9-8-2010,3.99,3.99
9-7-2010,3.98,3.99
9-6-2010,3.99,4.00
9-3-2010,4.00,4.00
9-2-2010,4.00,4.01
9-1-2010,4.00,4.00
8-31-2010,4.00,4.01
8-30-2010,4.00,4.01
8-27-2010,4.01,4.02
8-26-2010,4.02,4.03
8-25-2010,4.02,4.03
8-24-2010,4.01,4.02
8-23-2010,4.00,4.00
8-20-2010,4.00,4.00
8-19-2010,4.00,4.01
8-18-2010,4.00,4.01
8-17-2010,4.00,4.01
8-13-2010,4.01,4.02
8-12-2010,4.01,4.01
8-11-2010,4.00,4.00
8-10-2010,3.99,4.00
8-9-2010,3.99,4.00
8-6-2010,3.99,3.99
8-5-2010,4.01,4.02
8-4-2010,4.00,4.01
8-3-2010,4.01,4.02
8-2-2010,4.01,4.02
7-30-2010,4.03,4.03
7-29-2010,4.03,4.03
7-28-2010,4.03,4.03
7-27-2010,4.02,4.03
7-26-2010,4.02,4.02
7-23-2010,4.02,4.02
7-22-2010,4.01,4.02
7-21-2010,4.01,4.01
7-20-2010,4.01,4.01
7-19-2010,4.01,4.01
7-16-2010,4.01,4.01
7-15-2010,4.00,4.01
7-14-2010,4.00,4.00
7-13-2010,4.00,4.01
7-12-2010,3.98,3.98
7-8-2010,3.97,3.98
7-7-2010,3.98,3.98
7-6-2010,3.98,3.99
7-5-2010,3.99,4.00
7-2-2010,4.00,4.01
7-1-2010,4.00,4.01
6-30-2010,4.01,4.01
6-29-2010,4.00,4.00
6-28-2010,4.00,4.00
6-25-2010,4.01,4.02
6-24-2010,4.02,4.03
6-23-2010,4.02,4.02
6-22-2010,4.01,4.02
6-18-2010,4.02,4.03
6-17-2010,4.03,4.03
6-16-2010,4.02,4.02
6-15-2010,4.02,4.02
6-14-2010,4.00,4.00
6-11-2010,4.01,4.01
6-10-2010,4.04,4.04
6-9-2010,4.01,4.01
6-8-2010,4.00,4.00
6-7-2010,3.99,3.99
6-4-2010,4.00,4.00
6-3-2010,4.00,4.00
6-2-2010,3.99,4.00
6-1-2010,3.97,3.97
5-31-2010,3.96,3.97
5-28-2010,3.96,3.96
5-27-2010,3.95,3.96
5-26-2010,3.95,3.96
5-21-2010,3.96,3.96
5-20-2010,3.96,3.97
5-19-2010,3.95,3.96
5-18-2010,3.94,3.94
5-17-2010,3.93,3.94
5-14-2010,3.94,3.95
5-13-2010,3.94,3.95
5-12-2010,3.93,3.94
5-11-2010,3.93,3.93
5-10-2010,3.92,3.92
5-7-2010,3.92,3.93
5-6-2010,3.92,3.93
5-5-2010,3.91,3.92
5-4-2010,3.91,3.91
5-3-2010,3.91,3.91
4-30-2010,3.91,3.92
4-29-2010,3.91,3.92
4-28-2010,3.91,3.91
4-27-2010,3.91,3.92
4-26-2010,3.91,3.92
4-23-2010,3.92,3.92
4-22-2010,3.91,3.92
4-21-2010,3.91,3.92
4-20-2010,3.91,3.92
4-19-2010,3.92,3.92
4-16-2010,3.92,3.92
4-15-2010,3.91,3.92
4-14-2010,3.92,3.92
4-13-2010,3.89,3.90
4-12-2010,3.88,3.89
4-9-2010,3.88,3.89
4-8-2010,3.89,3.90
4-7-2010,3.89,3.90
4-6-2010,3.87,3.87
4-5-2010,3.87,3.87
4-1-2010,3.88,3.89
3-31-2010,3.88,3.89
3-30-2010,3.89,3.89
3-29-2010,3.89,3.90
3-26-2010,3.89,3.90
3-25-2010,3.90,3.90
3-23-2010,3.90,3.90
3-22-2010,3.90,3.90
3-19-2010,3.90,3.90
3-18-2010,3.90,3.91
3-17-2010,3.91,3.91
3-16-2010,3.90,3.91
3-15-2010,3.90,3.91
3-12-2010,3.90,3.91
3-11-2010,3.91,3.91
3-10-2010,3.91,3.91
3-9-2010,3.90,3.90
3-8-2010,3.90,3.90
3-5-2010,3.90,3.91
3-4-2010,3.91,3.91
3-3-2010,3.91,3.91
3-2-2010,3.90,3.91
3-1-2010,3.90,3.90
2-26-2010,3.92,3.93
2-25-2010,3.93,3.93
2-24-2010,3.93,3.93
2-23-2010,3.92,3.93
2-22-2010,3.92,3.93
2-19-2010,3.94,3.94
2-18-2010,3.95,3.95
2-17-2010,3.94,3.95
2-16-2010,3.94,3.94
2-15-2010,3.93,3.94
2-12-2010,3.93,3.94
2-11-2010,3.93,3.93
2-10-2010,3.92,3.93
2-9-2010,3.90,3.91
2-8-2010,3.90,3.90
2-5-2010,3.91,3.91
2-4-2010,3.92,3.92
2-3-2010,3.91,3.91
2-2-2010,3.90,3.91
2-1-2010,3.88,3.89
1-29-2010,3.88,3.88
1-28-2010,3.89,3.89
1-27-2010,3.90,3.90
1-26-2010,3.88,3.89
1-25-2010,3.87,3.88
1-22-2010,3.87,3.88
1-21-2010,3.87,3.88
1-20-2010,3.87,3.88
1-19-2010,3.87,3.88
1-18-2010,3.86,3.87
1-15-2010,3.88,3.89
1-14-2010,3.89,3.89
1-13-2010,3.88,3.89
1-12-2010,3.87,3.87
1-11-2010,3.87,3.87
1-8-2010,3.87,3.87
1-7-2010,3.86,3.87
1-6-2010,3.87,3.88
1-5-2010,3.86,3.86
1-4-2010,3.86,3.86
12-30-2009,3.86,3.86
12-29-2009,3.86,3.87
12-28-2009,3.84,3.85
12-24-2009,3.83,3.84
12-23-2009,3.83,3.84
12-22-2009,3.84,3.84
12-21-2009,3.83,3.83
12-18-2009,3.83,3.84
12-17-2009,3.84,3.85
12-16-2009,3.85,3.85
12-15-2009,3.83,3.83
12-14-2009,3.81,3.82
12-11-2009,3.80,3.81
12-10-2009,3.80,3.81
12-9-2009,3.80,3.80
12-7-2009,3.80,3.80
12-4-2009,3.80,3.81
12-3-2009,3.81,3.81
12-2-2009,3.81,3.81
12-1-2009,3.80,3.80
11-30-2009,3.80,3.80
11-27-2009,3.81,3.82
11-26-2009,3.82,3.82
11-25-2009,3.82,3.82
11-24-2009,3.82,3.82
11-23-2009,3.82,3.82
11-20-2009,3.82,3.83
11-19-2009,3.84,3.84
11-18-2009,3.84,3.84
11-17-2009,3.83,3.83
11-16-2009,3.82,3.82
11-13-2009,3.81,3.82
11-12-2009,3.81,3.81
11-11-2009,3.80,3.80
11-10-2009,3.79,3.79
11-9-2009,3.79,3.79
11-5-2009,3.79,3.80
11-4-2009,3.80,3.81
11-3-2009,3.80,3.81
